Название в ERP,Перевод сейчас,Должно быть
Інструмент 12В,Tool 12B,Tool 12V
Інструмент 20В,Tool 20B,Tool 20V
Інструмент 40В,Tool 40B,Tool 40V
Автокомпресори 20В,Automotive compressors 20B,Automotive compressors 20V
Адаптери до батарей 20В,Adapters for batteries 20B,Adapters for batteries 20V
Акумуляторні паяльники 12В,Cordless soldering irons 12B,Cordless soldering irons 12V
Акумуляторні трещітки 12В,Cordless impact drivers 12B,Cordless impact drivers 12V
Акустичні системи 20В,Acoustic systems 20B,Acoustic systems 20V
Батареї 12В,Batteries 12B,Batteries 12V
Батареї 20В,Batteries 20B,Batteries 20V
Батареї 40В,Batteries 40B,Batteries 40V
Будівельні степлери 20В,Construction staplers 20B,Construction staplers 20V
Будівельні фени 20В,Construction fans 20B,Construction fans 20V
Вентилятори 12В,Fans 12B,Fans 12V
Вентилятори 20В,Fans 20B,Fans 20V
Витратні до полірувальної машини 12В,Consumables for polishing machine 12B,Consumables for polishing machine 12V
Гайковерти 12В,Socket wrenches 12B,Socket wrenches 12V
Гайковерти 20В,Socket wrenches 20B,Socket wrenches 20V
Гайковерти 40В,Socket wrenches 40B,Socket wrenches 40V
Гвинтоверти 12В,Screwdrivers 12B,Screwdrivers 12V
Гвинтоверти 20В,Screwdrivers 20B,Screwdrivers 20V
Гравіювальні машини 12В,Engraving machines 12B,Engraving machines 12V
Зарядні пристрої 12В,Chargers 12B,Chargers 12V
Зарядні пристрої 20В,Chargers 20B,Chargers 20V
Зарядні пристрої 40В,Chargers 40B,Chargers 40V
Кавомашини 20В,Coffee machines 20B,Coffee machines 20V
Клейові пістолети 12В,Glue guns 12B,Glue guns 12V
Кутові шліфмашини 12В,Angle grinders 12B,Angle grinders 12V
Кутові шліфмашини 20В,Angle grinders 20B,Angle grinders 20V
Кутові шліфмашини 40В,Angle grinders 40B,Angle grinders 40V
Леза до секатора 12В,Pruner blades 12B,Pruner blades 12V
Леза до секатора 20В,Pruner blades 20B,Pruner blades 20V
Лобзики 20В,Jigsaws 20B,Jigsaws 20V
Ліхтарі 12В,Lamps 12B,Lamps 12V
Ліхтарі 20В,Lamps 20B,Lamps 20V
Міксери 20В,Mixers 20B,Mixers 20V
Паяльники 20В,Soldering irons 20B,Soldering irons 20V
Перфоратори 20В,Hammer drills 20B,Hammer drills 20V
Перфоратори 40В,Hammer drills 40B,Hammer drills 40V
Пилососи 20В,Vacuum cleaners 20B,Vacuum cleaners 20V
Повітродувки 20В,Air blowers 20B,Air blowers 20V
Повітродувки 40В,Air blowers 40B,Air blowers 40V
Полірувальні машини 12В,Polishing machines 12B,Polishing machines 12V
Полірувальні машини 20В,Polishing machines 20B,Polishing machines 20V
Пістолети для герметика 20В,Sealant guns 20B,Sealant guns 20V
Реноватори 12В,Renovators 12B,Renovators 12V
Реноватори 20В,Renovators 20B,Renovators 20V
Роботи-газонокосарки 20В,Lawn-mower robots 20B,Lawn-mower robots 20V
Рубанки 20В,Planers 20B,Planers 20V
Садова техніка 40В,Garden equipment 40B,Garden equipment 40V
Секатори 12В,Pruners 12B,Pruners 12V
Секатори 20В,Pruners 20B,Pruners 20V
Точильні верстати 20В,Bench grinders 20B,Bench grinders 20V
Фарбопульти 20В,Paint sprayers 20B,Paint sprayers 20V
Фрейзера 20В,Freysera 20B,Freysera 20V
Холодильники 20В,Refrigerators 20B,Refrigerators 20V
Циркулярні пили 20В,Circular saws 20B,Circular saws 20V
Шабельні пили 20В,Jigsaw saws 20B,Jigsaw saws 20V
Шабельні пили 40В,Jigsaw saws 40B,Jigsaw saws 40V
Шабильні пили 12В,Jigsaw saws 12B,Jigsaw saws 12V
Шліфувальні машини 20В,Sanding machines 20B,Sanding machines 20V
Шурупокрути 12В,Screwdrivers 12B,Screwdrivers 12V
Шурупокрути 20В,Screwdrivers 20B,Screwdrivers 20V
