SKU;тип;название листинга;примечание
54000000;composite;Dnipro-M DJS-200BC Ultra Sierra de Calar Inalámbrica 20V, Motor sin Escobillas, 26mm Amplitud, 4 Modos de Corte, Base de Aluminio, Incluye Batería 4 Ah y Cargador;
54621000;composite;Dnipro-M CD-201HBC – Perceuse Visseuse À Percussion Sans Fil 20V – 2 Vitesses 0-1550 RPM – 45 Nm – Mandrin 13 mm – Batterie 2Ah Chargeur Inclus – LED Intégrée – Ultra Légère 1,3 kg - Outil Bricolage;
54622000;composite;Dnipro-M CD-201HBC – Perceuse Visseuse À Percussion Sans Fil 20V – Mandrin 13 mm – 2 Vitesses 0-1550 RPM – 45 Nm – 2 Batteries 2Ah + Chargeur – Coffret Rigide – Kit 41 Forets Inclus – LED Intégrée;
54623000;base;;
54623000 2;composite;Meuleuse d'Angle Sans Fil Dnipro-M à Batterie DGA-201BC Ultra, Moteur Sans Balais, Ø125 mm, 0-8500 RPM, Réglage de Vitesse, pour Découper, Polir et Meuler (Batterie 4 Ah, Chargeur Rapide);пробел вместо дефиса в коде
54623000-2;;;нет ни типа, ни названия — похоже на пустую запись
54624000;base;;
54624000 2;composite;DNIPRO?M – Meuleuse d’Angle Sans Fil DGA?201BC Ultra 20?V – Brushless, 2 Vitesses (3000/8500?RPM), Disque 125?mm, Batterie 4?Ah, Chargeur Rapide - Poignée Antidérapante, Boîte de Transport Incluse;пробел вместо дефиса в коде
54625000;composite;Dnipro-M DHR-202BC ULTRA Perforateur à Batterie 20V avec Moteur Sans Balais, 2.5J, 4800 BPM (Batterie 4Ah, Chargeur Rapide);
54626000;composite;Dnipro-M DHR-202BC ULTRA Perforateur à Batterie 20V avec Moteur Sans Balais, 2.5J, 4800 BPM (Batterie 4Ah, Chargeur Rapide, Valise);
78058000;composite;Dnipro-M – Perceuse Visseuse à Percussion Sans Fil CD-201HBC – 20V Brushless, 2 Vitesses, 45 Nm, 2 Batteries 2Ah, LED, Coffret, Chargeur, 41 Forets – Kit Complet Pour Bricoleurs et Travaux Intenses;
78059000;composite;Dnipro-M DHR-202BC ULTRA Martillo Perforador a Batería 20V Brushless, 2.5J, 4800BPM (Batería 4Ah, Cargador rapida, Caja) - Martillo Percutor y Taladro para Hormigón;
78060000;composite;Dnipro-M Amoladora Angular a Batería DGA-201BC Ultra, Brushless, Ø125 mm, 0-8500 RPM, Regulación de Velocidad, para Cortar, (Batería de 4 Ah, Cargador Rápido y Caja, Disco de limpieza 125 mm 10 pcs);
78061000;base;;
78061000 2;composite;Dnipro-M Taladro Percutor a Bateria CD-12QX 12V con 2 Baterías 2Ah, Destornillador Eléctrico Compacto, Kit Herramientas Bateria con Juego de Brocas para Metal, Puntas Atornillador, Cargador y Maletín;пробел вместо дефиса в коде
78062000;base;;
78062000 2;composite;DNIPRO-M – Perceuse-Visseuse Sans Fil CD-12CX Compact 12V – 30?Nm, 2 Vitesses, 0-1300 RPM – 2 Batteries 2Ah, Chargeur, Coffret, 45 Accessoires – Embouts Impact & Forets Métal Inclus - Bricolage;пробел вместо дефиса в коде
78063000;composite;Dnipro-M Taladro Percutor a Bateria Brushless CD-200BC ULTRA - 2 Velocidades 0-1700 rpm, Taladro Atornillador Inalámbrico Profesional, Kit Herramientas con Bateria Recargable 20v 2Ah y Cargador Rapido;
78064000;base;Dnipro-M Taladro Percutor a Bateria CD-200BC ULTRA 20V Brushless con 2 Baterías Recargables - Cargador de Bateria Rápido, Juego de Brocas Profesional 41 uds, Puntas Atornillador y Caja de Herramientas;
78065000;composite;Dnipro-M Amoladora Angular GS-100S 125mm 1000W con Velocidad Regulable, Radial Pequeña y Disco Amoladora 125 Metal 10Pcs, Herramientas Eléctricas Rebarbadora, Amoladora Eléctrica Compacta Profesional;
78066000;composite;Dnipro-M Ponceuse orbitale PE-29S 290 W avec 20 disques abrasifs Velcro 125 mm, 6 vitesses réglables, outil électrique pour bois, mur et plafond, parquet, métal - Système de collecte de poussière;
78067000;composite;Dnipro-M CS-12 Tronçonneuse à batterie, mini scie électrique manuelle avec 2 batteries (12 V, 2,0 Ah et 4,0 Ah), 12 cm, coupe-branches et arbres pour jardinage, système sans outils;
78068000;composite;Amoladora inalámbrica Dnipro-M CG-12BC Ultra + Batería BP-122 (2 piezas)+ Cargador FC-124 + Hoja de sierra 76 mm + Disco de corte 76 mm + Disco Diamantado 76 mm +  Juego de puntas;
78069000;base;;
78069000 2;composite;Dnipro-M CD-218Q – Perceuse Visseuse Sans Fil 20V avec Batterie 2Ah, Chargeur et 41 Accessoires – Compacte, Légère et Précise - Pour Travaux, Outil Bricolage Professionnel - 21 Réglages de Couple;пробел вместо дефиса в коде
78070000;composite;Cordless blower 2 in 1 DVB-200 + 4.0Ah Battery + Charger;
78071000;composite;Ponceuse excentrique DSA-200BC ULTRA, batterie rechargeable Dnipro-M BP-240 4 A/h, chargeur Dnipro-M FC-230;
78072000;composite;[FBM] Pruner 20V + 1x2Ah + Charger;
78072000-A;composite;Dnipro-M 20V Cordless Brushless Pruning Shears, 45mm Cutting Capacity, SK5 Steel, 2000 Cuts/Charge - DPS-200BC ULTRA + 4.0Ah Battery + Charger;
78073000;composite;DNIPRO?M – Perceuse à Percussion HD?8 + Kit Forets Métal (1–10?mm) & Béton (4–10?mm) – Mandrin 13?mm, Limiteur de Régime, Clé Intégrée – 23 Forets Inclus – Précision, Endurance et Confort d’Usage;
84288000;base;Desbrozadora Dnipro-M 50RX(N);
84289000;base;Cortacésped Dnipro-M 33M(N);
99968000;composite;Dnipro-M CD-12QX Taladro atornillador inalámbrico 12V (25 Nm, 2 velocidades, 0-1350 rpm, incluye batería de 2Ah y 10 puntas Impact), Destornillador eléctrico compacto para atornillar madera y metal;
99972000;composite;Dnipro-M CD-200BC ULTRA Taladro Atornillador Inalámbrico 20V (60 Nm, 2 Velocidades, 0-1700 rpm, Brushless), Destornillador Eléctric - 1 Batería 4Ah, Cargador;
99973000;composite;Dnipro-M DHR-202BC ULTRA Martillo Perforador a Batería 20V Brushless (2.5J, 1 Batería 4Ah, Cargador, Broca SDS+ 6 mm y 8 mm) - Martillo Percutor y Taladro para Hormigón;
99974000;composite;Dnipro-M DHR-202BC ULTRA Marteau perforateur à batterie 20 V Brushless (2,5 J, 1 batterie 6 Ah, chargeur, foret SDS + 6 mm et 8 mm) - Marteau à percussion et perceuse pour béton;
99986000;composite;"Dnipro-M DTW-201BC Pistola de Impacto, Batería Compact 20V, Motor Brushless, 350 Nm, 1/2"", 2 Modos, Ligera + Batería BP-240 4Ah, Cargador FC-230";
